,"perplexity: 10, early_exaggeration: 4.0, learning_rate: 250, metric: correlation, init: pca", , 
,tSNE 1,tSNE 2,HDBSCAN label
N357Barcode_719-507,11.178016662597656,-24.871288299560547,28.0
N357Barcode_721-505,44.57184600830078,-0.5347151160240173,6.0
N357Barcode_712-506,-18.391712188720703,-19.55607795715332,11.0
N357Barcode_729-515,11.2346773147583,-4.551952362060547,24.0
N357Barcode_711-517,-9.442798614501953,-33.95529556274414,22.0
N357Barcode_716-517,-3.612061023712158,4.327749252319336,4.0
N357Barcode_707-510,-1.8407678604125977,-4.219936370849609,18.0
N357Barcode_726-505,-38.12717819213867,46.287864685058594,9.0
N357Barcode_715-506,-37.28203201293945,45.886234283447266,9.0
N357Barcode_718-517,36.769283294677734,-38.16019058227539,16.0
N357Barcode_720-515,38.241458892822266,-42.1100959777832,16.0
N357Barcode_728-505,-33.194644927978516,40.54746627807617,9.0
N357Barcode_710-507,22.62274742126465,43.86607360839844,20.0
N357Barcode_707-522,39.8199348449707,-39.595375061035156,16.0
N357Barcode_705-511,26.518733978271484,-48.03391647338867,15.0
N357Barcode_727-515,29.743295669555664,35.31842803955078,-1.0
N357Barcode_714-516,-29.480499267578125,5.283628463745117,13.0
N357Barcode_703-518,6.7048773765563965,19.12173843383789,12.0
N357Barcode_722-507,-57.758453369140625,-17.618488311767578,2.0
N357Barcode_712-515,5.927896499633789,18.407066345214844,12.0
N357Barcode_721-516,10.546627044677734,-26.420698165893555,28.0
N357Barcode_715-515,-27.55692481994629,44.469852447509766,9.0
N357Barcode_726-516,33.9198112487793,38.66914367675781,8.0
N357Barcode_707-503,21.0059757232666,39.268672943115234,21.0
N357Barcode_704-518,-37.139060974121094,49.08567810058594,9.0
N357Barcode_706-521,40.85414505004883,-35.763389587402344,16.0
N357Barcode_702-508,-29.37061309814453,51.960289001464844,9.0
N357Barcode_723-517,-28.073530197143555,44.464561462402344,9.0
N357Barcode_701-513,-65.62686157226562,7.359188079833984,3.0
N357Barcode_728-516,-9.778903007507324,-36.96923065185547,22.0
N357Barcode_703-520,27.900310516357422,-47.194698333740234,15.0
N357Barcode_702-502,-30.47208023071289,2.3309834003448486,13.0
N357Barcode_720-506,-59.02596664428711,4.974653244018555,3.0
N357Barcode_704-520,-6.773798942565918,-32.46220397949219,22.0
N357Barcode_714-505,21.017688751220703,39.278717041015625,21.0
N357Barcode_705-502,-2.5300097465515137,-7.529006481170654,19.0
N357Barcode_727-506,36.133880615234375,39.36277389526367,8.0
N357Barcode_724-517,-30.974395751953125,0.18228600919246674,13.0
N357Barcode_706-513,39.764530181884766,40.33168411254883,8.0
N357Barcode_714-502,-34.20144271850586,2.6300771236419678,13.0
N357Barcode_705-505,46.87761688232422,35.71821975708008,8.0
N357Barcode_724-510,49.27803039550781,36.93897247314453,8.0
N357Barcode_714-508,40.647216796875,34.663700103759766,8.0
N357Barcode_723-510,-61.60151290893555,6.915036678314209,3.0
N357Barcode_710-513,-32.801307678222656,5.326589584350586,13.0
N357Barcode_728-511,-4.253706932067871,-8.85069751739502,19.0
N357Barcode_719-521,26.216022491455078,-45.540870666503906,15.0
N357Barcode_702-505,49.35172653198242,28.4500789642334,8.0
N357Barcode_718-503,-2.788815498352051,-8.075362205505371,19.0
N357Barcode_712-520,-26.705705642700195,49.1343994140625,9.0
N357Barcode_726-511,-31.21052360534668,50.29413604736328,9.0
N357Barcode_704-515,38.57240676879883,-22.213224411010742,17.0
N357Barcode_715-518,23.726478576660156,-10.90587329864502,26.0
N357Barcode_724-522,47.39237976074219,32.670963287353516,8.0
N357Barcode_716-503,23.417861938476562,-12.598716735839844,26.0
N357Barcode_710-521,-8.466754913330078,-32.644256591796875,22.0
N357Barcode_712-518,11.574749946594238,-26.301559448242188,28.0
N357Barcode_721-511,41.27168273925781,-43.18982696533203,16.0
N357Barcode_719-513,-33.675086975097656,45.998897552490234,9.0
N357Barcode_703-515,-7.758238792419434,-58.96520233154297,1.0
N357Barcode_716-522,-23.690948486328125,16.75319480895996,14.0
N357Barcode_724-503,36.88861083984375,-40.809478759765625,16.0
N357Barcode_727-518,-35.26480484008789,42.86675262451172,9.0
N357Barcode_706-507,-25.629440307617188,44.43033218383789,9.0
N357Barcode_705-516,-63.54787063598633,7.15928316116333,3.0
N357Barcode_718-510,10.683320999145508,-27.032854080200195,28.0
N357Barcode_728-508,7.270997524261475,-49.42258071899414,0.0
N357Barcode_722-521,48.863773345947266,31.833911895751953,8.0
N357Barcode_729-520,-27.904733657836914,41.51527404785156,9.0
N357Barcode_723-503,-56.861976623535156,-24.60979461669922,2.0
N357Barcode_701-507,14.63392448425293,-21.712554931640625,29.0
N357Barcode_720-518,-34.792030334472656,42.57349395751953,9.0
N357Barcode_726-508,-16.770898818969727,-18.894487380981445,11.0
N357Barcode_726-502,39.81422805786133,-38.163902282714844,16.0
N357Barcode_727-520,-11.335845947265625,-65.33041381835938,1.0
N357Barcode_721-502,34.972023010253906,-37.35829162597656,16.0
N357Barcode_703-506,-36.78204345703125,43.173343658447266,9.0
N357Barcode_729-518,21.16107177734375,44.99906921386719,20.0
N357Barcode_721-508,13.026572227478027,-22.729639053344727,29.0
N357Barcode_722-513,39.32811737060547,-42.57368087768555,16.0
N357Barcode_705-520,20.32253074645996,40.6550407409668,20.0
N357Barcode_715-505,12.665011405944824,-21.29670524597168,29.0
N357Barcode_704-502,12.163284301757812,-26.674758911132812,28.0
N357Barcode_726-506,26.81616973876953,-47.5914306640625,15.0
N357Barcode_704-508,-24.717994689941406,19.064176559448242,14.0
N357Barcode_707-513,25.8472900390625,-12.369722366333008,26.0
N357Barcode_722-517,40.855125427246094,-44.30207061767578,16.0
N357Barcode_702-520,-7.335412979125977,-34.22530746459961,22.0
N357Barcode_712-505,-58.611637115478516,-21.732925415039062,2.0
N357Barcode_703-502,6.445738792419434,21.399463653564453,12.0
N357Barcode_721-506,23.497886657714844,-11.392931938171387,26.0
N357Barcode_714-515,34.484657287597656,48.245548248291016,5.0
N357Barcode_727-516,-26.60958480834961,42.889686584472656,9.0
N357Barcode_706-503,-55.5002555847168,-23.60050392150879,2.0
N357Barcode_705-518,-11.221616744995117,-66.59478759765625,1.0
N357Barcode_707-521,45.977230072021484,32.24941635131836,8.0
N357Barcode_702-518,41.98240661621094,-36.92549514770508,16.0
N357Barcode_720-516,46.74079895019531,33.8957633972168,8.0
N357Barcode_716-507,-31.592998504638672,42.350914001464844,9.0
N357Barcode_706-522,34.034645080566406,-44.035980224609375,16.0
N357Barcode_715-516,-26.54861831665039,16.67963218688965,14.0
N357Barcode_703-511,42.93166732788086,31.045989990234375,8.0
N357Barcode_721-515,7.594598293304443,-50.354896545410156,0.0
N357Barcode_712-516,10.726445198059082,-4.413722515106201,24.0
N357Barcode_711-507,35.76915740966797,-21.200563430786133,17.0
N357Barcode_729-505,36.543609619140625,-36.688297271728516,16.0
N357Barcode_706-510,12.148529052734375,-23.41267967224121,29.0
N357Barcode_714-506,46.0849494934082,39.88637924194336,8.0
N357Barcode_720-505,42.67971420288086,-37.744903564453125,16.0
N357Barcode_718-507,0.4515767991542816,-23.982711791992188,25.0
N357Barcode_710-517,33.485530853271484,51.435951232910156,5.0
N357Barcode_720-502,6.6834564208984375,-47.58609390258789,0.0
N357Barcode_702-506,16.5928955078125,13.46294116973877,7.0
N357Barcode_721-520,-0.13529349863529205,-4.434642791748047,18.0
N357Barcode_719-522,3.7884414196014404,23.30738639831543,12.0
N357Barcode_710-510,-24.839454650878906,-24.404436111450195,10.0
N357Barcode_701-517,11.133808135986328,-3.5250589847564697,24.0
N357Barcode_720-508,-60.94915008544922,4.018969535827637,3.0
N357Barcode_723-513,-32.76569747924805,4.780523777008057,13.0
N357Barcode_727-508,-23.90781021118164,14.446944236755371,14.0
N357Barcode_706-517,21.376089096069336,43.38996124267578,20.0
N357Barcode_724-513,-19.815589904785156,22.793001174926758,14.0
N357Barcode_727-502,13.904082298278809,16.43352699279785,7.0
N357Barcode_705-506,-60.76354217529297,5.223513126373291,3.0
N357Barcode_726-520,-24.139780044555664,-24.802928924560547,10.0
N357Barcode_729-508,49.305145263671875,34.915306091308594,8.0
N357Barcode_712-511,-24.10108757019043,-26.218734741210938,10.0
N357Barcode_729-502,-34.263973236083984,1.3317582607269287,13.0
N357Barcode_723-521,-58.364994049072266,-23.736249923706055,2.0
N357Barcode_722-503,41.7142219543457,27.966360092163086,8.0
N357Barcode_710-522,-18.83431625366211,13.082466125488281,14.0
N357Barcode_728-520,-8.08394718170166,-37.26542282104492,22.0
N357Barcode_721-518,-10.623370170593262,-59.568843841552734,1.0
N357Barcode_726-518,-30.191638946533203,44.587703704833984,9.0
N357Barcode_707-507,-12.623205184936523,-63.9383430480957,1.0
N357Barcode_704-516,5.486303329467773,-47.62537384033203,0.0
N357Barcode_711-521,46.41126251220703,30.921981811523438,8.0
N357Barcode_710-503,-32.620582580566406,49.16684341430664,9.0
N357Barcode_722-522,47.249305725097656,33.61405563354492,8.0
N357Barcode_718-513,-59.49231719970703,3.0715110301971436,3.0
N357Barcode_720-511,-59.10582733154297,-21.29520606994629,2.0
N357Barcode_702-515,-15.197183609008789,-65.78263854980469,1.0
N357Barcode_716-521,-11.80244255065918,-60.27145004272461,1.0
N357Barcode_714-518,-18.402450561523438,-19.980695724487305,11.0
N357Barcode_722-510,-26.918603897094727,4.124813079833984,13.0
N357Barcode_729-511,15.644317626953125,-22.226661682128906,29.0
N357Barcode_711-513,-56.99089050292969,-21.2421817779541,2.0
N357Barcode_718-521,-19.6014347076416,21.008567810058594,14.0
N357Barcode_712-502,-65.70543670654297,3.684767246246338,3.0
N357Barcode_703-505,13.964397430419922,-20.78367805480957,29.0
N357Barcode_719-503,-30.69548988342285,46.92974090576172,9.0
N357Barcode_715-502,-7.545712471008301,-63.71084976196289,1.0
N357Barcode_704-505,36.23276138305664,-18.61286735534668,17.0
N357Barcode_714-520,44.19180679321289,28.533979415893555,8.0
N357Barcode_716-513,-64.26458740234375,5.240512847900391,3.0
N357Barcode_715-508,-6.438647747039795,-62.221763610839844,1.0
N357Barcode_714-510,14.69534683227539,-18.862213134765625,27.0
N357Barcode_705-517,24.67371940612793,-11.691632270812988,26.0
N357Barcode_724-508,-30.203290939331055,0.7268375754356384,13.0
N357Barcode_727-513,-21.606491088867188,19.277624130249023,14.0
N357Barcode_724-502,-66.5774917602539,5.705284118652344,3.0
N357Barcode_706-506,-18.965072631835938,15.577610969543457,14.0
N357Barcode_723-502,-21.683549880981445,18.657718658447266,14.0
N357Barcode_729-521,-35.45920944213867,5.414863109588623,13.0
N357Barcode_702-517,-33.14558410644531,47.289215087890625,9.0
N357Barcode_718-511,-10.213237762451172,-35.75282287597656,22.0
N357Barcode_720-513,31.834503173828125,1.6866440773010254,23.0
N357Barcode_727-521,-66.04017639160156,5.28248929977417,3.0
N357Barcode_714-522,-25.70647430419922,-28.81597900390625,10.0
N357Barcode_704-507,15.182031631469727,12.403911590576172,7.0
N357Barcode_707-516,-66.84034729003906,-0.4559602439403534,3.0
N357Barcode_716-511,-30.604494094848633,45.984947204589844,9.0
N357Barcode_711-511,-24.138959884643555,-27.725305557250977,10.0
N357Barcode_720-521,-55.23867416381836,-17.82046890258789,2.0
N357Barcode_724-511,17.650461196899414,16.119365692138672,7.0
N357Barcode_706-515,-36.0093994140625,44.988128662109375,9.0
N357Barcode_726-522,44.97421646118164,32.56950378417969,8.0
N357Barcode_712-521,-60.47412872314453,-22.002849578857422,2.0
N357Barcode_718-502,31.75045394897461,45.76542663574219,5.0
N357Barcode_710-518,45.342098236083984,38.6422119140625,8.0
N357Barcode_718-508,-3.5820279121398926,-7.639742851257324,19.0
N357Barcode_716-502,-52.90789794921875,-24.04168701171875,2.0
N357Barcode_726-510,37.230247497558594,31.874061584472656,8.0
N357Barcode_715-513,43.60293960571289,-2.718510150909424,6.0
N357Barcode_721-510,-65.0525894165039,6.372445583343506,3.0
N357Barcode_712-513,37.068580627441406,33.428627014160156,8.0
N357Barcode_719-518,29.772777557373047,35.30423355102539,-1.0
N357Barcode_728-522,-6.206674575805664,-34.29803466796875,22.0
N357Barcode_721-517,-0.25366976857185364,-11.714425086975098,-1.0
N357Barcode_719-515,-60.22874069213867,4.1465864181518555,3.0
N357Barcode_703-513,-65.45207977294922,3.8004062175750732,3.0
N357Barcode_701-520,-26.005504608154297,-25.240570068359375,10.0
N357Barcode_711-505,-55.43757247924805,-20.041160583496094,2.0
N357Barcode_729-507,-3.3149828910827637,-8.453981399536133,19.0
N357Barcode_722-506,32.94538879394531,47.55699157714844,5.0
N357Barcode_706-520,-25.84567642211914,42.23435974121094,9.0
N357Barcode_716-505,14.883648872375488,-21.969711303710938,29.0
N357Barcode_707-502,14.85919189453125,12.537264823913574,7.0
N357Barcode_726-517,-9.635601043701172,-60.66353225708008,1.0
N357Barcode_704-513,-23.824562072753906,18.852346420288086,14.0
N357Barcode_720-507,37.10031509399414,-39.47663116455078,16.0
N357Barcode_718-505,36.94417190551758,-41.9677848815918,16.0
N357Barcode_701-518,40.740631103515625,-38.608394622802734,16.0
N357Barcode_703-521,36.32791519165039,48.375831604003906,5.0
N357Barcode_710-515,42.374603271484375,36.00428771972656,8.0
N357Barcode_728-517,-18.871673583984375,16.279003143310547,14.0
N357Barcode_723-516,-7.975536823272705,-36.58586883544922,22.0
N357Barcode_724-516,-16.02558135986328,-60.15190505981445,1.0
N357Barcode_706-518,15.465679168701172,-17.9053897857666,27.0
N357Barcode_727-507,38.84965896606445,40.44987487792969,8.0
N357Barcode_722-515,5.521258354187012,17.993938446044922,12.0
N357Barcode_711-516,-58.84280014038086,-22.799922943115234,2.0
N357Barcode_712-507,11.374744415283203,-25.69210433959961,28.0
N357Barcode_702-522,-67.03462982177734,2.8648924827575684,3.0
N357Barcode_719-506,-26.628734588623047,44.901519775390625,9.0
N357Barcode_705-522,47.384925842285156,-3.465303659439087,6.0
N357Barcode_707-511,-30.404752731323242,47.232398986816406,9.0
N357Barcode_716-516,39.3288688659668,38.197513580322266,8.0
N357Barcode_723-505,38.27991485595703,34.91923141479492,8.0
N357Barcode_702-510,-7.291475296020508,-35.770965576171875,22.0
N357Barcode_714-517,-63.285011291503906,4.865609169006348,3.0
N357Barcode_724-505,-0.43762046098709106,-3.72906494140625,18.0
N357Barcode_720-510,49.31291961669922,36.61031723022461,8.0
N357Barcode_710-508,44.987579345703125,40.377159118652344,8.0
N357Barcode_710-502,39.794952392578125,-40.93330383300781,16.0
N357Barcode_701-505,-57.0521125793457,-22.555591583251953,2.0
N357Barcode_718-518,-22.081693649291992,17.645599365234375,14.0
N357Barcode_711-520,-25.621646881103516,48.926788330078125,9.0
N357Barcode_706-505,34.576881408691406,-40.538429260253906,16.0
N357Barcode_716-520,-18.86427116394043,16.3476505279541,14.0
N357Barcode_727-510,35.851844787597656,-18.273103713989258,17.0
N357Barcode_711-518,-28.650835037231445,41.69991683959961,9.0
N357Barcode_718-520,1.4943724870681763,19.939794540405273,12.0
N357Barcode_720-522,17.61900520324707,14.468870162963867,7.0
N357Barcode_729-510,40.183284759521484,40.88002395629883,8.0
N357Barcode_722-511,-20.877897262573242,12.708611488342285,14.0
N357Barcode_719-508,18.713977813720703,14.279834747314453,7.0
N357Barcode_707-515,46.709571838378906,-2.6549832820892334,6.0
N357Barcode_714-521,-55.215110778808594,-16.4521541595459,2.0
N357Barcode_716-518,-30.983823776245117,4.014461040496826,13.0
N357Barcode_715-503,40.73311996459961,34.15110778808594,8.0
N357Barcode_701-516,44.980865478515625,-1.5002834796905518,6.0
N357Barcode_710-511,-3.9457759857177734,-9.430368423461914,19.0
N357Barcode_721-521,-37.2840690612793,43.1205940246582,9.0
N357Barcode_720-503,-0.5762849450111389,-5.526514530181885,18.0
N357Barcode_712-522,-33.58353805541992,52.387367248535156,9.0
N357Barcode_723-518,-12.51639461517334,-64.2257308959961,1.0
N357Barcode_702-507,-7.472177505493164,-36.138423919677734,22.0
N357Barcode_727-503,-23.222312927246094,-28.82624053955078,10.0
N357Barcode_705-507,-63.850467681884766,2.378465414047241,3.0
N357Barcode_724-518,24.68279457092285,39.577781677246094,21.0
N357Barcode_706-516,-19.38922691345215,13.03144645690918,14.0
N357Barcode_728-521,-21.178356170654297,16.36908531188965,14.0
N357Barcode_722-502,16.752939224243164,13.097993850708008,7.0
N357Barcode_723-520,-64.58133697509766,2.315485715866089,3.0
N357Barcode_729-503,44.50103759765625,-3.09006404876709,6.0
N357Barcode_712-510,3.7328999042510986,19.289478302001953,12.0
N357Barcode_703-517,-29.028196334838867,4.854558944702148,13.0
N357Barcode_721-513,-24.689071655273438,-29.97727394104004,10.0
N357Barcode_719-511,46.02897262573242,0.5355498790740967,6.0
N357Barcode_704-517,36.9150505065918,-21.88150405883789,17.0
N357Barcode_726-513,3.5913891792297363,22.8735294342041,12.0
N357Barcode_707-506,-61.097591400146484,4.683319091796875,3.0
N357Barcode_724-520,-1.3651503324508667,-4.268270969390869,18.0
N357Barcode_715-517,6.7578043937683105,17.996496200561523,12.0
N357Barcode_704-510,-31.857765197753906,0.5889012217521667,13.0
N357Barcode_716-506,42.01490783691406,-39.773746490478516,16.0
N357Barcode_722-505,-28.31711769104004,0.4694184362888336,13.0
N357Barcode_711-506,35.364933013916016,-42.63029098510742,16.0
N357Barcode_712-517,44.87638473510742,-2.5290794372558594,6.0
N357Barcode_703-510,46.03068161010742,-2.89689564704895,6.0
N357Barcode_719-516,-67.81222534179688,2.775252103805542,3.0
N357Barcode_706-511,-21.55100440979004,14.307120323181152,14.0
N357Barcode_724-515,10.455608367919922,-4.34217643737793,24.0
N357Barcode_701-511,-63.7732048034668,0.5217647552490234,3.0
N357Barcode_723-515,44.12632369995117,0.23885491490364075,6.0
N357Barcode_710-516,47.88309860229492,28.332881927490234,8.0
N357Barcode_703-522,38.161312103271484,26.480926513671875,8.0
N357Barcode_718-506,15.28883171081543,-16.965301513671875,27.0
N357Barcode_716-515,-14.479913711547852,-66.86963653564453,1.0
N357Barcode_704-503,8.02267074584961,19.431947708129883,12.0
N357Barcode_705-521,-11.789066314697266,-57.62068176269531,1.0
N357Barcode_703-503,-24.908649444580078,-23.39305305480957,10.0
N357Barcode_721-507,-30.758899688720703,3.6815946102142334,13.0
N357Barcode_729-517,44.1265754699707,26.213457107543945,8.0
N357Barcode_711-515,-9.831622123718262,-58.2728385925293,1.0
N357Barcode_724-506,31.688976287841797,1.5546369552612305,23.0
N357Barcode_706-508,5.367867469787598,21.95198631286621,12.0
N357Barcode_727-517,13.72379207611084,12.055856704711914,7.0
N357Barcode_705-513,-22.227846145629883,14.493120193481445,14.0
N357Barcode_720-517,24.558549880981445,-10.98255729675293,26.0
N357Barcode_701-508,-20.86182975769043,19.151031494140625,14.0
N357Barcode_702-513,-11.260238647460938,-64.966796875,1.0
N357Barcode_728-507,24.39685821533203,-13.110459327697754,26.0
N357Barcode_710-505,38.56342315673828,-36.11772537231445,16.0
N357Barcode_723-506,33.0949592590332,-20.880430221557617,17.0
IL7024-712-502,-10.237814903259277,-63.965599060058594,1.0
IL7024-708-504,25.785470962524414,-8.351576805114746,-1.0
IL7024-710-503,-22.193994522094727,49.7674674987793,9.0
IL7024-709-507,-13.049665451049805,-35.56352615356445,22.0
IL7024-711-507,-30.060091018676758,11.491487503051758,13.0
IL7024-710-504,5.325903415679932,-4.603597164154053,9.0
IL7024-708-503,9.664787292480469,-4.342277526855469,24.0
IL7024-708-507,2.1760549545288086,17.88224983215332,12.0
IL7024-712-501,-1.4486870765686035,-23.49238395690918,25.0
IL7024-711-503,-22.339765548706055,45.85255813598633,9.0
IL7024-709-504,-12.733382225036621,-35.162296295166016,22.0
IL7024-709-503,1.0116019248962402,-5.325804710388184,18.0
IL7024-711-504,-22.046598434448242,47.11651611328125,9.0
IL7024-710-507,49.83256149291992,-2.6815433502197266,6.0
IL7024-710-505,-59.146236419677734,0.7040759921073914,3.0
IL7024-708-508,-21.887704849243164,-25.213956832885742,10.0
IL7024-712-504,2.0012991428375244,17.237150192260742,12.0
IL7024-708-502,34.599605560302734,-24.14095687866211,17.0
IL7024-709-501,40.232574462890625,-39.63196563720703,16.0
IL7024-711-506,-33.90864181518555,7.715726375579834,13.0
IL7024-711-501,-60.94832992553711,-1.2955578565597534,3.0
IL7024-709-506,-21.499553680419922,50.87940216064453,9.0
IL7024-712-503,49.28491973876953,-2.6638684272766113,6.0
IL7024-708-505,-4.009959697723389,-6.641185283660889,19.0
IL7024-710-502,-23.411279678344727,49.9053955078125,9.0
IL7024-710-508,-53.517173767089844,-17.270530700683594,2.0
IL7024-710-506,-30.294715881347656,11.011346817016602,13.0
IL7024-709-508,-21.3231201171875,51.129669189453125,9.0
IL7024-709-502,35.08438491821289,-34.35932540893555,16.0
IL7024-711-505,-25.663108825683594,53.0020866394043,9.0
IL7024-711-502,46.430564880371094,-5.405256271362305,6.0
IL7024-711-508,-21.917142868041992,49.276912689208984,9.0
IL7024-709-505,7.72760534286499,-45.89885330200195,0.0
IL7024-708-506,25.76621437072754,-8.365030288696289,-1.0
IL7024-710-501,-58.508724212646484,1.3144721984863281,3.0
IL7051-726-506,45.83402633666992,36.02241134643555,8.0
IL7051-705-520,-28.542110443115234,41.815982818603516,9.0
IL7051-715-505,48.278541564941406,-2.146852493286133,6.0
IL7051-704-508,35.422119140625,-20.50676155090332,17.0
IL7051-707-513,-7.2233805656433105,-34.11114501953125,22.0
IL7051-703-508,-22.822900772094727,18.005327224731445,14.0
IL7051-721-506,44.30554962158203,32.28852462768555,8.0
IL7051-702-520,-52.51972198486328,-22.370668411254883,2.0
IL7051-712-505,-13.4044189453125,-58.7464485168457,1.0
IL7051-707-521,-22.895719528198242,15.86396312713623,14.0
IL7051-724-507,11.271634101867676,-4.21907377243042,24.0
IL7051-705-518,13.817659378051758,-21.7208251953125,29.0
IL7051-728-506,29.02508544921875,-47.7805290222168,15.0
IL7051-701-503,40.23427963256836,37.52972412109375,8.0
IL7051-702-518,0.9020226001739502,-23.425540924072266,25.0
IL7051-723-507,15.629457473754883,-17.788345336914062,27.0
IL7051-720-516,-33.13506317138672,42.40808868408203,9.0
IL7051-726-515,3.4179723262786865,19.361534118652344,12.0
IL7051-703-511,37.46908950805664,28.47291374206543,8.0
IL7051-719-517,-29.42474365234375,2.0006861686706543,13.0
IL7051-711-507,13.843080520629883,-22.838258743286133,29.0
IL7051-729-505,-15.212519645690918,-59.491878509521484,1.0
IL7051-701-522,9.600065231323242,-50.642276763916016,0.0
IL7051-706-510,-8.35038948059082,-33.71995544433594,22.0
IL7051-714-506,12.098992347717285,-21.44757843017578,29.0
IL7051-727-505,-9.391374588012695,-62.23191452026367,1.0
IL7051-720-505,-31.233217239379883,46.618865966796875,9.0
IL7051-718-507,7.945277214050293,-48.05418395996094,0.0
IL7051-701-510,45.74848556518555,-4.174596309661865,6.0
IL7051-710-517,-29.534215927124023,44.61220169067383,9.0
IL7051-728-515,-34.445457458496094,5.308618068695068,13.0
IL7051-721-520,-1.795518159866333,-7.843812942504883,19.0
IL7051-728-518,44.9105339050293,38.04310607910156,8.0
IL7051-720-502,35.17546844482422,-19.36857032775879,17.0
IL7051-702-506,-3.607738971710205,4.301136493682861,4.0
IL7051-701-517,12.944108009338379,-21.322519302368164,29.0
IL7051-720-508,25.831958770751953,-12.523794174194336,26.0
IL7051-723-513,-32.87820816040039,49.10478973388672,9.0
IL7051-710-510,-25.331886291503906,-26.956987380981445,10.0
IL7051-727-508,23.30743408203125,40.97673416137695,21.0
IL7051-706-517,9.179207801818848,-49.82807922363281,0.0
IL7051-724-513,-25.95865249633789,16.91883659362793,14.0
IL7051-727-502,-62.25535202026367,-1.5801613330841064,3.0
IL7051-705-506,-8.864970207214355,-34.93223571777344,22.0
IL7051-729-508,-7.917670249938965,-59.68037414550781,1.0
IL7051-712-511,-60.197059631347656,1.4701734781265259,3.0
IL7051-703-516,-9.510764122009277,-34.9490966796875,22.0
IL7051-728-520,18.384613037109375,10.52755355834961,7.0
IL7051-722-503,43.01337432861328,28.625532150268555,8.0
IL7051-721-518,13.715841293334961,-22.508115768432617,29.0
IL7051-723-521,-54.01769256591797,-19.484296798706055,2.0
IL7051-729-502,37.974342346191406,-39.32017135620117,16.0
IL7051-726-518,-6.969976425170898,-32.92399215698242,22.0
IL7051-707-507,-3.9220502376556396,3.800471067428589,4.0
IL7051-724-521,33.356292724609375,47.52946090698242,5.0
IL7051-715-511,19.724407196044922,44.626956939697266,20.0
IL7051-704-516,21.180418014526367,-13.405532836914062,26.0
IL7051-710-503,34.27190017700195,-44.06272506713867,16.0
IL7051-711-521,-64.48847961425781,4.247291564941406,3.0
IL7051-718-513,-24.92279815673828,-23.199281692504883,10.0
IL7051-720-511,-0.030289631336927414,-11.829421043395996,-1.0
IL7051-714-518,-32.468589782714844,3.3510828018188477,13.0
IL7051-716-521,-25.02741813659668,45.307613372802734,9.0
IL7051-712-508,5.967248439788818,-47.691226959228516,0.0
IL7051-722-510,-14.099592208862305,-61.14139175415039,1.0
IL7051-703-505,-56.65926742553711,-21.057172775268555,2.0
IL7051-712-502,20.78208351135254,42.38458251953125,20.0
IL7051-718-521,37.92888641357422,29.145341873168945,8.0
IL7051-704-505,36.983245849609375,37.5647087097168,8.0
IL7051-714-520,4.743807792663574,20.126054763793945,12.0
IL7051-716-513,44.466468811035156,29.895795822143555,8.0
IL7051-715-508,-3.246352195739746,3.915717601776123,4.0
IL7051-712-506,46.43544387817383,-0.8894501328468323,6.0
IL7051-719-507,-28.290874481201172,49.05967712402344,9.0
IL7051-721-505,-0.293559193611145,-3.953101873397827,18.0
IL7051-729-515,-55.794776916503906,-23.609149932861328,2.0
IL7051-711-517,-1.5484150648117065,-26.907602310180664,25.0
IL7051-707-510,-26.323461532592773,-28.512479782104492,10.0
IL7051-716-517,-32.181514739990234,43.801822662353516,9.0
IL7051-715-506,-28.828794479370117,7.271274089813232,13.0
IL7051-726-505,37.029666900634766,-39.93247604370117,16.0
IL7051-702-511,-22.229272842407227,14.639826774597168,14.0
IL7051-718-517,-29.858068466186523,2.655078887939453,13.0
IL7051-720-515,-23.445087432861328,-25.577096939086914,10.0
IL7051-710-507,33.60185241699219,49.41337585449219,5.0
IL7051-705-511,9.916827201843262,-48.23847198486328,0.0
IL7051-727-515,36.091514587402344,-40.38685989379883,16.0
IL7051-701-521,41.14875793457031,-1.1860146522521973,6.0
IL7051-703-518,1.7405210733413696,19.708898544311523,12.0
IL7051-722-507,-20.58424186706543,21.8632869720459,14.0
IL7051-721-516,-54.257843017578125,-21.77133560180664,2.0
IL7051-712-515,23.958402633666992,39.75447082519531,21.0
IL7051-726-516,-8.316061973571777,-34.948055267333984,22.0
IL7051-715-515,44.24905014038086,31.600605010986328,8.0
IL7051-706-521,-28.050880432128906,51.20509719848633,9.0
IL7051-707-503,-34.21311569213867,5.322856426239014,13.0
IL7051-702-508,-5.612723350524902,-35.65103530883789,22.0
IL7051-723-517,40.23350143432617,37.59721755981445,8.0
IL7051-701-513,-31.92171287536621,6.669105052947998,13.0
IL7051-702-502,-26.090438842773438,1.228708028793335,13.0
IL7051-720-506,34.724327087402344,-22.88785171508789,17.0
IL7051-703-520,48.54288864135742,-1.2130578756332397,6.0
IL7051-705-502,-33.89885330200195,43.81937789916992,9.0
IL7051-727-506,38.09889602661133,-40.79016876220703,16.0
IL7051-704-520,33.57022476196289,32.776100158691406,8.0
IL7051-714-505,-64.22911834716797,6.444262504577637,3.0
IL7051-724-517,44.00712203979492,36.6968879699707,8.0
IL7051-705-508,11.510957717895508,-4.183044910430908,24.0
IL7051-705-505,-64.91034698486328,-0.3328230381011963,3.0
IL7051-714-502,33.35546875,49.77593231201172,5.0
IL7051-714-508,-23.473968505859375,13.922907829284668,14.0
IL7051-724-510,-4.5601911544799805,4.66019344329834,4.0
IL7051-710-513,-62.31114959716797,2.829021692276001,3.0
IL7051-728-511,50.54091262817383,31.82248878479004,8.0
IL7051-723-510,-0.6177077293395996,-23.926982879638672,25.0
IL7051-702-505,-3.115508794784546,4.055299758911133,4.0
IL7051-718-503,-13.203084945678711,-64.95425415039062,1.0
IL7051-719-521,-26.187028884887695,-24.787168502807617,10.0
IL7051-726-511,-57.48540496826172,-19.54705238342285,2.0
IL7051-704-515,-55.32383346557617,-22.135499954223633,2.0
IL7051-712-518,-29.77075958251953,3.126288414001465,13.0
IL7051-710-521,-4.165517330169678,3.6127421855926514,4.0
IL7051-721-511,-32.72623062133789,0.3184938132762909,13.0
IL7051-719-513,14.432080268859863,-23.441116333007812,29.0
IL7051-703-515,41.81354522705078,37.22386932373047,8.0
IL7051-724-503,40.634254455566406,-42.0659294128418,16.0
IL7051-727-518,5.79135799407959,-49.611854553222656,0.0
IL7051-706-507,3.715672492980957,20.39307403564453,12.0
IL7051-714-511,3.7037160396575928,19.04485321044922,12.0
IL7051-705-516,-57.49765396118164,-20.172542572021484,2.0
IL7051-728-508,31.984375,51.31489181518555,5.0
IL7051-702-516,13.515576362609863,11.924729347229004,7.0
IL7051-718-510,13.410918235778809,-23.709672927856445,29.0
IL7051-723-503,37.5530891418457,-40.12421798706055,16.0
IL7051-720-518,43.99634552001953,35.07008361816406,8.0
IL7051-728-502,-13.112826347351074,-58.83345031738281,1.0
IL7051-722-521,35.860347747802734,32.49814987182617,8.0
IL7051-726-508,22.583839416503906,45.547786712646484,20.0
IL7051-716-510,23.79337501525879,40.049034118652344,21.0
IL7051-727-520,-29.20246696472168,1.1297811269760132,13.0
IL7051-726-502,-4.234580039978027,-8.327577590942383,19.0
IL7051-720-520,45.99644088745117,-5.186497211456299,6.0
IL7051-729-518,43.97362518310547,-1.4913405179977417,6.0
IL7051-721-502,8.531951904296875,-47.73019790649414,0.0
IL7051-703-506,40.05548858642578,30.713411331176758,8.0
IL7051-721-508,24.52676773071289,-12.034599304199219,26.0
IL7051-722-513,17.34201431274414,13.131723403930664,7.0
IL7051-711-510,23.455066680908203,-12.186203956604004,26.0
IL7051-710-508,32.52186584472656,50.21769714355469,5.0
IL7051-720-510,21.9815616607666,40.71893310546875,21.0
IL7051-701-505,-34.544490814208984,46.932159423828125,9.0
IL7051-718-518,38.97854995727539,36.7118034362793,8.0
IL7051-711-520,-29.692462921142578,1.430396318435669,13.0
IL7051-710-502,45.55498504638672,28.793685913085938,8.0
IL7051-706-505,-31.131792068481445,5.948416233062744,13.0
IL7051-716-520,-18.013181686401367,19.46164321899414,14.0
IL7051-714-513,42.62596893310547,36.47468948364258,8.0
IL7051-727-510,3.190014123916626,21.60225486755371,12.0
IL7051-711-518,21.114578247070312,-13.445050239562988,26.0
IL7051-718-520,11.492020606994629,-26.52031707763672,28.0
IL7051-712-503,-34.74094772338867,47.569862365722656,9.0
IL7051-719-502,-61.59516906738281,-0.9196375608444214,3.0
IL7051-722-511,43.15581130981445,38.03093719482422,8.0
IL7051-719-508,-14.979641914367676,-61.61943054199219,1.0
IL7051-729-510,37.565677642822266,36.04110336303711,8.0
IL7051-716-518,20.91254234313965,-13.520158767700195,26.0
IL7051-715-503,-0.09896975010633469,-23.80916404724121,25.0
IL7051-728-513,43.71281051635742,34.17216491699219,8.0
IL7051-720-503,-66.9087142944336,4.024468898773193,3.0
IL7051-721-521,33.307071685791016,-42.434974670410156,16.0
IL7051-727-503,35.39719009399414,45.48956298828125,5.0
IL7051-705-507,27.774702072143555,-45.61941146850586,15.0
IL7051-724-518,-63.65345764160156,0.9224144220352173,3.0
IL7051-726-521,-4.631968021392822,4.207199573516846,4.0
IL7051-706-516,13.389674186706543,-22.00196075439453,29.0
IL7051-729-503,-7.392538547515869,-60.15009689331055,1.0
IL7051-722-502,0.13764110207557678,-3.0893678665161133,18.0
IL7051-728-521,-9.625897407531738,-65.40465545654297,1.0
IL7051-722-508,37.075889587402344,-45.5418701171875,16.0
IL7051-703-517,22.257596969604492,39.66668701171875,21.0
IL7051-721-513,37.22417068481445,-43.561702728271484,16.0
IL7051-712-510,45.27970504760742,31.06715202331543,8.0
IL7051-704-517,-24.993946075439453,-27.06867218017578,10.0
IL7051-726-513,0.1632051020860672,-4.9982590675354,18.0
IL7051-715-510,-53.98933792114258,-20.898527145385742,2.0
IL7051-707-506,14.867121696472168,14.081429481506348,7.0
IL7051-704-510,-30.81816864013672,7.966208457946777,13.0
IL7051-715-517,-34.89968490600586,45.039695739746094,9.0
IL7051-716-506,-62.813758850097656,1.4774011373519897,3.0
IL7051-711-506,48.8712272644043,38.80632019042969,8.0
IL7051-722-505,8.831277847290039,-49.23483657836914,0.0
IL7051-703-510,-10.37281608581543,-36.25777053833008,22.0
IL7051-719-516,-9.78320598602295,-61.80414581298828,1.0
IL7051-712-517,-0.6958725452423096,-3.9372665882110596,18.0
IL7051-714-507,-25.324230194091797,-25.256786346435547,10.0
IL7051-706-511,16.127897262573242,-17.176836013793945,27.0
IL7051-724-515,-1.463941216468811,-3.1810827255249023,18.0
IL7051-710-516,43.87993621826172,26.768260955810547,8.0
IL7051-701-511,38.29125213623047,-20.113744735717773,17.0
IL7051-723-515,-34.48822021484375,48.26795959472656,9.0
IL7051-705-521,22.017986297607422,44.90018081665039,20.0
IL7051-707-518,-2.612239360809326,-8.621322631835938,19.0
IL7051-726-507,-33.450477600097656,1.1058835983276367,13.0
IL7051-702-521,-17.787763595581055,15.280740737915039,14.0
IL7051-719-505,24.224395751953125,-11.695131301879883,26.0
IL7051-721-507,-25.12200927734375,47.8798713684082,9.0
IL7051-722-516,4.896083831787109,20.72713279724121,12.0
IL7051-711-515,-33.16471481323242,3.756342649459839,13.0
IL7051-706-502,-4.837491989135742,-8.210626602172852,19.0
IL7051-724-506,36.10255432128906,38.81937789916992,8.0
IL7051-707-520,14.32785701751709,14.405893325805664,7.0
IL7051-706-508,37.363468170166016,-21.5026912689209,17.0
IL7051-727-517,34.332275390625,50.019142150878906,5.0
IL7051-705-513,-7.754151821136475,-64.28193664550781,1.0
IL7051-718-515,-33.75926208496094,2.907099723815918,13.0
IL7051-720-517,45.63589096069336,-1.552150011062622,6.0
IL7051-701-508,-27.961008071899414,5.9085259437561035,13.0
IL7051-702-513,46.86149978637695,-0.9205719232559204,6.0
IL7051-728-507,-7.658782005310059,-34.94804382324219,22.0
IL7051-724-508,25.47406578063965,-11.165409088134766,26.0
IL7051-727-513,38.97910690307617,29.223777770996094,8.0
IL7051-714-510,-53.85183334350586,-19.63494873046875,2.0
IL7051-724-502,40.61579513549805,-44.49821853637695,16.0
IL7051-722-520,-60.78239440917969,2.88885760307312,3.0
IL7051-728-503,-4.123960971832275,-7.842010021209717,19.0
IL7051-723-502,38.89034652709961,-37.8782844543457,16.0
IL7051-701-506,-23.527999877929688,-25.162199020385742,10.0
IL7051-723-508,28.1759033203125,-48.12247085571289,15.0
IL7051-702-517,-2.2376677989959717,-9.062561988830566,19.0
IL7051-718-511,45.159019470214844,-2.581679105758667,6.0
IL7051-726-503,-56.445831298828125,-20.58730125427246,2.0
IL7051-727-521,-23.405914306640625,18.81675148010254,14.0
IL7051-716-511,18.43988037109375,12.740543365478516,7.0
IL7051-729-513,-52.311954498291016,-22.869190216064453,2.0
IL7051-711-511,-52.511497497558594,-20.210535049438477,2.0
IL7051-721-503,32.116111755371094,48.29444885253906,5.0
IL7051-724-511,-63.11463928222656,1.9177972078323364,3.0
IL7051-706-515,-61.88784408569336,0.05280134454369545,3.0
IL7051-714-503,22.044214248657227,45.888771057128906,20.0
IL7051-715-521,11.50396728515625,12.894055366516113,7.0
IL7051-710-518,49.02516555786133,31.91037368774414,8.0
IL7051-719-520,23.089683532714844,44.25861358642578,20.0
IL7051-718-502,38.39612579345703,29.007434844970703,8.0
IL7051-712-521,38.65605163574219,31.832462310791016,8.0
IL7051-723-511,-55.238285064697266,-22.267539978027344,2.0
IL7051-728-510,-15.74600887298584,-0.8790968060493469,-1.0
IL7051-707-505,15.399584770202637,-17.432649612426758,27.0
IL7051-716-508,-33.23247146606445,7.3245110511779785,13.0
IL7051-712-513,-3.3484978675842285,5.170651912689209,4.0
IL7051-711-508,-31.94547462463379,45.99799728393555,9.0
IL7051-721-510,-36.037940979003906,41.3858757019043,9.0
IL7051-719-518,35.747745513916016,-19.993059158325195,17.0
IL7051-710-520,-0.4311843514442444,-24.207923889160156,25.0
IL7051-711-502,34.87214660644531,49.277191162109375,5.0
IL7051-721-517,-55.28466033935547,-18.18492889404297,2.0
IL7051-719-515,-29.727876663208008,51.77674102783203,9.0
IL7051-703-513,-15.833399772644043,-0.7802245616912842,26.0
IL7051-722-506,-34.341129302978516,41.04167556762695,9.0
IL7051-711-505,-23.901111602783203,-23.953842163085938,10.0
IL7051-729-507,-8.603978157043457,-61.74532699584961,1.0
IL7051-707-502,-18.832242965698242,18.078800201416016,14.0
IL7051-706-520,-23.622177124023438,20.65785026550293,14.0
IL7051-707-508,40.40583801269531,-41.86690139770508,16.0
IL7051-726-517,8.374332427978516,-47.08378601074219,0.0
IL7051-703-521,38.45450210571289,-43.45171356201172,16.0
IL7051-702-503,-22.884262084960938,13.262125015258789,14.0
IL7051-720-507,13.769588470458984,16.22225570678711,7.0
IL7051-718-505,45.60105895996094,36.23201370239258,8.0
IL7051-701-518,3.1649460792541504,21.694190979003906,12.0
IL7051-723-516,11.100371360778809,-26.602039337158203,28.0
IL7051-728-517,-6.47501277923584,-62.328617095947266,1.0
IL7051-724-516,26.91499900817871,-46.83327865600586,15.0
IL7051-704-521,-34.0673713684082,41.893741607666016,9.0
IL7051-705-503,40.99976348876953,38.71074295043945,8.0
IL7051-706-518,-0.3402305543422699,-11.674571990966797,-1.0
IL7051-711-516,13.184324264526367,-25.432594299316406,28.0
IL7051-722-515,44.97034454345703,35.14261245727539,8.0
IL7051-719-506,40.83029556274414,33.00640106201172,8.0
IL7051-712-507,-11.031510353088379,-63.96843719482422,1.0
IL7051-710-506,-31.807540893554688,47.386573791503906,9.0
IL7051-723-505,20.92813491821289,41.91106033325195,20.0
IL7051-702-510,-28.103225708007812,52.50802993774414,9.0
IL7051-718-516,-24.69803237915039,-28.389684677124023,10.0
IL7051-705-510,37.86610412597656,-19.392684936523438,17.0
IL7051-714-517,40.22471237182617,32.831809997558594,8.0
IL7051-724-505,36.667381286621094,-21.378244400024414,17.0
IL7115-705-505,-26.554346084594727,-27.714479446411133,10.0
IL7115-714-502,25.821226119995117,40.618324279785156,-1.0
IL7115-710-513,-55.394351959228516,-18.507482528686523,2.0
IL7115-702-505,43.85287094116211,37.03316116333008,8.0
IL7115-718-503,-12.780946731567383,-34.39300537109375,22.0
IL7115-716-503,42.68788146972656,39.65681457519531,8.0
IL7115-711-503,-64.86758422851562,-0.39302387833595276,3.0
IL7115-719-513,41.92776870727539,-40.28964614868164,16.0
IL7115-703-515,-56.96277618408203,-17.59625816345215,2.0
IL7115-724-503,9.090849876403809,16.891822814941406,12.0
IL7115-705-516,-27.845518112182617,48.75304412841797,9.0
IL7115-702-516,34.3644905090332,50.34766387939453,5.0
IL7115-723-503,31.78990364074707,49.592567443847656,5.0
IL7115-728-502,35.54745864868164,-43.9557991027832,16.0
IL7115-726-502,-31.095239639282227,6.011902809143066,13.0
IL7115-704-506,42.001312255859375,32.72697830200195,8.0
IL7115-721-502,36.09922790527344,-39.496681213378906,16.0
IL7115-703-506,20.95623016357422,44.88179397583008,20.0
IL7115-722-513,-25.11847496032715,48.04472351074219,9.0
IL7115-712-506,-29.581457138061523,45.274261474609375,9.0
IL7115-721-505,-18.4096736907959,-18.354148864746094,11.0
IL7115-715-506,34.613006591796875,-19.88128089904785,17.0
IL7115-726-505,-27.75892448425293,-25.613574981689453,10.0
IL7115-720-515,-56.29074478149414,-23.36688804626465,2.0
IL7115-714-516,-65.55696105957031,1.7834800481796265,3.0
IL7115-721-516,-53.9439582824707,-18.322925567626953,2.0
IL7115-712-515,9.937684059143066,16.9221134185791,12.0
IL7115-726-516,40.68294906616211,-1.1155883073806763,6.0
IL7115-715-515,-20.876739501953125,19.154258728027344,14.0
IL7115-707-503,33.985042572021484,36.20859909057617,8.0
IL7115-728-516,-35.24068069458008,50.38359832763672,9.0
IL7115-720-506,-33.54017639160156,-0.3582473397254944,13.0
IL7115-727-506,7.005043983459473,23.62230110168457,12.0
IL7115-714-505,38.65858840942383,33.7932014465332,8.0
IL7115-706-513,15.989727973937988,13.03226375579834,7.0
IL7115-720-502,-66.23700714111328,2.5792319774627686,3.0
IL7115-702-506,38.234161376953125,34.72563934326172,8.0
IL7115-723-513,35.75753402709961,-22.830577850341797,17.0
IL7115-724-513,36.074134826660156,31.944196701049805,8.0
IL7115-727-502,40.92844009399414,-36.5833854675293,16.0
IL7115-705-506,-14.194055557250977,-63.882991790771484,1.0
IL7115-703-516,37.885169982910156,-37.83842468261719,16.0
IL7115-722-503,-4.743494510650635,-35.37739944458008,22.0
IL7115-704-516,21.820240020751953,44.10789489746094,20.0
IL7115-710-503,39.05710983276367,-40.90499496459961,16.0
IL7115-718-513,47.540130615234375,-1.7664427757263184,6.0
IL7115-702-515,33.080020904541016,49.83871078491211,5.0
IL7115-705-515,-14.098099708557129,-33.437984466552734,22.0
IL7115-711-513,-26.757652282714844,3.92941951751709,13.0
IL7115-703-505,-29.176042556762695,47.085243225097656,9.0
IL7115-719-503,45.12265396118164,34.603946685791016,8.0
IL7115-704-505,34.73661804199219,-38.46752166748047,16.0
IL7115-715-502,35.37796401977539,33.03176498413086,8.0
IL7115-726-506,7.649173736572266,-49.42790603637695,0.0
IL7115-707-513,-30.674545288085938,40.90026092529297,9.0
IL7115-721-506,40.98591232299805,31.63903045654297,8.0
IL7115-712-505,-32.773250579833984,52.11249923706055,9.0
IL7115-714-515,-13.62697696685791,-60.37419128417969,1.0
IL7115-706-503,14.420289039611816,10.479532241821289,7.0
IL7115-728-506,37.00440979003906,-19.676645278930664,17.0
IL7115-701-503,9.450706481933594,-49.30133056640625,0.0
IL7115-720-516,-28.599363327026367,2.321544647216797,13.0
IL7115-715-516,34.60334777832031,48.798397064208984,5.0
IL7115-726-515,-67.64146423339844,4.821836471557617,3.0
IL7115-712-516,5.906796455383301,-49.62166213989258,0.0
IL7115-721-515,39.232154846191406,-21.44209861755371,17.0
IL7115-714-506,6.63536262512207,21.107872009277344,12.0
IL7115-719-515,9.806163787841797,-48.03502655029297,0.0
IL7115-711-505,35.36302185058594,-21.84291648864746,17.0
IL7115-704-513,-17.175779342651367,-17.980056762695312,11.0
IL7115-702-503,28.584033966064453,-47.450618743896484,15.0
IL7115-718-505,-35.924983978271484,46.78864669799805,9.0
IL7115-723-516,-11.769094467163086,-60.443153381347656,1.0
IL7115-710-515,-51.132835388183594,-22.767961502075195,2.0
IL7115-724-516,18.61123275756836,11.909136772155762,7.0
IL7115-705-503,33.345523834228516,-20.931989669799805,17.0
IL7115-711-516,19.233203887939453,45.33218765258789,-1.0
IL7115-722-515,-22.22075080871582,-28.200101852416992,10.0
IL7115-719-506,31.605697631835938,1.7214127779006958,23.0
IL7115-716-516,34.49486541748047,35.39449691772461,8.0
IL7115-710-506,-29.76201820373535,49.21778106689453,9.0
IL7115-723-505,-55.07881546020508,-20.453441619873047,2.0
IL7115-718-516,-20.12059211730957,17.860197067260742,14.0
IL7115-724-505,-19.176618576049805,18.948986053466797,14.0
IL7115-724-502,-25.18532943725586,15.283902168273926,14.0
IL7115-706-506,42.832679748535156,32.52900314331055,8.0
IL7115-728-503,-7.518148899078369,-64.95158386230469,1.0
IL7115-723-502,41.5611572265625,-45.39507293701172,16.0
IL7115-701-506,41.548606872558594,31.452205657958984,8.0
IL7115-726-503,-14.956512451171875,-59.05083465576172,1.0
IL7115-707-516,7.099523544311523,19.904884338378906,12.0
IL7115-729-513,-63.49662399291992,3.960062026977539,3.0
IL7115-721-503,-17.1646728515625,-17.89023208618164,11.0
IL7115-706-515,-25.33126449584961,51.382198333740234,9.0
IL7115-714-503,2.580049753189087,18.705102920532227,12.0
IL7115-718-502,-36.88944625854492,49.9560546875,9.0
IL7115-701-515,-10.407020568847656,-62.00422668457031,1.0
IL7115-715-513,7.561748504638672,-48.06836700439453,0.0
IL7115-711-502,26.071460723876953,-45.8847541809082,15.0
IL7115-716-506,22.41240119934082,38.64518356323242,21.0
IL7115-711-506,-26.648334503173828,46.36359786987305,9.0
IL7115-722-505,-5.1857008934021,-33.12832260131836,22.0
IL7115-719-516,-62.56255340576172,3.5491867065429688,3.0
IL7115-724-515,47.65294647216797,28.202510833740234,8.0
IL7115-710-516,15.46553897857666,15.28292465209961,7.0
IL7115-718-506,-10.057388305664062,-35.790504455566406,22.0
IL7115-716-515,-28.409229278564453,-25.256799697875977,10.0
IL7115-704-503,-27.67217445373535,3.1578385829925537,13.0
IL7115-703-503,41.21955108642578,24.54728126525879,8.0
IL7115-719-505,-27.721744537353516,-27.90169334411621,10.0
IL7115-722-516,-32.69751739501953,44.56157684326172,9.0
IL7115-711-515,27.500205993652344,-47.22880554199219,15.0
IL7115-724-506,-30.108592987060547,43.690696716308594,9.0
IL7115-705-513,-31.50429344177246,44.0267219543457,9.0
IL7115-718-515,46.876773834228516,-3.4784774780273438,6.0
IL7115-723-506,38.91811752319336,27.44316291809082,8.0
IL7115-710-505,47.449554443359375,-1.5326422452926636,6.0
IL7115-701-505,42.48002624511719,34.451358795166016,8.0
IL7115-710-502,-14.572295188903809,-66.42597198486328,1.0
IL7115-706-505,33.93553924560547,38.627899169921875,8.0
IL7115-714-513,-23.13644790649414,16.60129165649414,14.0
IL7115-719-502,40.357059478759766,36.16816711425781,8.0
IL7115-707-515,-24.172300338745117,-30.277145385742188,10.0
IL7115-715-503,47.553226470947266,-0.5772557258605957,6.0
IL7115-728-513,35.6027946472168,48.47026443481445,5.0
IL7115-701-516,42.09196090698242,-41.95521926879883,16.0
IL7115-720-503,32.4539680480957,-40.54096984863281,16.0
IL7115-727-503,37.43619155883789,-23.260704040527344,17.0
IL7115-721-513,-26.475261688232422,-26.215740203857422,10.0
IL7115-726-513,-30.327423095703125,41.60721969604492,9.0
IL7115-707-506,-15.535626411437988,-58.19983673095703,1.0
N289Barcode_729-506,-28.309995651245117,46.851165771484375,9.0
N289Barcode_712-515,-35.34341049194336,3.4301600456237793,13.0
N289Barcode_726-516,13.434767723083496,14.222665786743164,7.0
N289Barcode_715-515,-30.855703353881836,48.45343780517578,9.0
N289Barcode_707-503,-24.10912322998047,12.195988655090332,14.0
N289Barcode_728-516,-23.545625686645508,12.531583786010742,14.0
N289Barcode_701-513,-63.300201416015625,4.083977222442627,3.0
N289Barcode_702-502,-21.609634399414062,23.025806427001953,14.0
N289Barcode_720-506,46.86241912841797,27.209259033203125,8.0
N289Barcode_705-502,10.395798683166504,-48.601863861083984,0.0
N289Barcode_727-506,39.68268585205078,-21.03350067138672,17.0
N289Barcode_714-505,-5.956111907958984,-36.50370407104492,22.0
N289Barcode_706-513,42.99943542480469,30.808401107788086,8.0
N289Barcode_721-505,19.862211227416992,42.88249588012695,20.0
N289Barcode_729-515,7.629513740539551,21.37603187561035,12.0
N289Barcode_716-517,-22.787485122680664,45.40337371826172,9.0
N289Barcode_715-506,-30.324914932250977,52.172447204589844,9.0
N289Barcode_726-505,-25.43412208557129,15.880852699279785,14.0
N289Barcode_720-515,33.339717864990234,29.93954849243164,8.0
N289Barcode_728-505,6.8946428298950195,19.681177139282227,12.0
N289Barcode_714-516,-33.3775520324707,49.841732025146484,9.0
N289Barcode_727-515,-20.131452560424805,15.56585693359375,14.0
N289Barcode_724-503,-62.29000473022461,5.4089155197143555,3.0
N289Barcode_705-516,-30.121570587158203,6.627366542816162,13.0
N289Barcode_702-516,12.78006649017334,11.23801040649414,7.0
N289Barcode_723-503,42.852386474609375,28.160085678100586,8.0
N289Barcode_728-502,-17.035266876220703,-19.060029983520508,11.0
N289Barcode_707-517,-31.044851303100586,5.444442272186279,13.0
N289Barcode_704-506,21.814695358276367,37.930885314941406,21.0
N289Barcode_721-502,34.47104263305664,35.57068634033203,8.0
N289Barcode_703-506,-11.543539047241211,-63.23493194580078,1.0
N289Barcode_722-513,-27.557979583740234,51.550315856933594,9.0
N289Barcode_705-505,45.231231689453125,-6.772450923919678,6.0
N289Barcode_714-502,-20.68885612487793,22.154699325561523,14.0
N289Barcode_710-513,34.45814895629883,-21.314794540405273,17.0
N289Barcode_718-503,-34.6319465637207,46.690155029296875,9.0
N289Barcode_704-515,13.344327926635742,12.785394668579102,7.0
N289Barcode_716-503,12.431302070617676,15.051019668579102,7.0
N289Barcode_719-513,-12.020085334777832,-61.387062072753906,1.0
N289Barcode_703-515,-23.128437042236328,11.429577827453613,14.0
N289Barcode_715-516,-55.49873352050781,-25.03512191772461,2.0
N289Barcode_726-515,-65.0451889038086,-1.5640039443969727,3.0
N289Barcode_712-516,9.287583351135254,-46.940284729003906,0.0
N289Barcode_721-515,31.181917190551758,-39.6169548034668,16.0
N289Barcode_729-505,4.829004764556885,21.243303298950195,12.0
N289Barcode_714-506,37.78400421142578,-18.228416442871094,17.0
N289Barcode_720-505,31.60689926147461,51.64519119262695,5.0
N289Barcode_728-515,37.06995391845703,34.669795989990234,8.0
N289Barcode_704-502,-59.453460693359375,-20.530521392822266,2.0
N289Barcode_726-506,37.60634231567383,30.461389541625977,8.0
N289Barcode_715-505,41.526283264160156,29.870290756225586,8.0
N289Barcode_707-513,-12.76531982421875,-62.66611099243164,1.0
N289Barcode_729-516,-32.22075653076172,44.114898681640625,9.0
N289Barcode_721-506,-17.08616065979004,16.378965377807617,14.0
N289Barcode_712-505,35.087642669677734,-41.51716232299805,16.0
N289Barcode_727-516,-12.99675178527832,-65.32221984863281,1.0
N289Barcode_714-515,22.275753021240234,39.634647369384766,21.0
N289Barcode_706-503,35.271934509277344,-40.6948127746582,16.0
N289Barcode_728-506,-52.21469497680664,-20.241806030273438,2.0
N289Barcode_720-516,-23.130882263183594,-27.918554306030273,10.0
N289Barcode_710-503,5.774726390838623,19.839305877685547,12.0
N289Barcode_718-513,-20.8486328125,16.248218536376953,14.0
N289Barcode_702-515,16.481367111206055,11.766639709472656,7.0
N289Barcode_711-513,-29.292049407958984,49.059173583984375,9.0
N289Barcode_719-503,7.076962471008301,23.578948974609375,12.0
N289Barcode_704-505,-26.07855224609375,50.98154830932617,9.0
N289Barcode_716-513,-26.46906280517578,-25.444812774658203,10.0
N289Barcode_720-502,16.360918045043945,11.974536895751953,7.0
N289Barcode_702-506,16.589670181274414,15.195728302001953,7.0
N289Barcode_723-513,-29.637271881103516,49.78169631958008,9.0
N289Barcode_706-517,-30.955289840698242,53.87452697753906,9.0
N289Barcode_724-513,38.91426086425781,-37.35872268676758,16.0
N289Barcode_703-516,-13.360344886779785,-57.661590576171875,1.0
N289Barcode_722-503,34.02548599243164,51.9403190612793,5.0
N289Barcode_729-502,-11.45756721496582,-60.07101058959961,1.0
N289Barcode_704-516,39.78704833984375,-44.881221771240234,16.0
N289Barcode_706-515,-18.473278045654297,17.85300636291504,14.0
N289Barcode_714-503,37.484413146972656,-20.52986717224121,17.0
N289Barcode_701-515,41.623626708984375,25.72611427307129,8.0
N289Barcode_707-505,-31.503860473632812,2.3039228916168213,13.0
N289Barcode_715-513,35.21834945678711,-39.21773910522461,16.0
N289Barcode_712-513,-24.904537200927734,-29.830780029296875,10.0
N289Barcode_711-502,19.288732528686523,11.703849792480469,7.0
N289Barcode_705-517,33.22001647949219,-42.471492767333984,16.0
N289Barcode_727-513,37.33515930175781,-19.779991149902344,17.0
N289Barcode_706-506,33.0689811706543,-38.259620666503906,16.0
N289Barcode_728-503,39.38282012939453,27.389238357543945,8.0
N289Barcode_701-506,36.3598518371582,29.65760040283203,8.0
N289Barcode_720-513,-17.152463912963867,-19.149276733398438,11.0
N289Barcode_726-503,16.67218589782715,10.305011749267578,7.0
N289Barcode_707-516,-22.39725685119629,19.99456024169922,14.0
N289Barcode_729-513,-26.49922752380371,5.584730625152588,13.0
N289Barcode_721-503,24.596342086791992,37.963623046875,21.0
N289Barcode_711-516,-8.934799194335938,-63.15801239013672,1.0
N289Barcode_722-515,32.38700485229492,-40.34945297241211,16.0
N289Barcode_719-506,-0.15020506083965302,-23.508411407470703,25.0
N289Barcode_716-516,0.03382665663957596,-23.08742332458496,25.0
N289Barcode_710-506,43.996185302734375,32.95119857788086,8.0
N289Barcode_723-505,1.0043035745620728,-4.170417308807373,18.0
N289Barcode_718-516,-18.48574447631836,-20.50979995727539,11.0
N289Barcode_714-517,-27.466358184814453,2.45131254196167,13.0
N289Barcode_724-505,18.970592498779297,45.603816986083984,-1.0
N289Barcode_719-515,-28.87273597717285,42.95804977416992,9.0
N289Barcode_703-513,15.863356590270996,14.492789268493652,7.0
N289Barcode_722-506,-54.59159851074219,-24.061004638671875,2.0
N289Barcode_711-505,42.35654067993164,29.3459529876709,8.0
N289Barcode_707-502,-13.608588218688965,-62.620689392089844,1.0
N289Barcode_716-505,-61.02375793457031,2.5748984813690186,3.0
N289Barcode_704-513,-11.897690773010254,-62.33815383911133,1.0
N289Barcode_718-505,-16.23064422607422,-62.91448974609375,1.0
N289Barcode_723-516,24.114871978759766,38.696048736572266,21.0
N289Barcode_710-515,-10.19707202911377,-33.19329071044922,22.0
N289Barcode_724-516,-29.257587432861328,39.649566650390625,9.0
N289Barcode_705-503,-28.84130096435547,4.092396259307861,13.0
N289Barcode_728-513,-7.206426620483398,-34.70516586303711,22.0
N289Barcode_701-516,-26.037748336791992,18.095312118530273,14.0
N289Barcode_720-503,14.909622192382812,9.315091133117676,7.0
N289Barcode_727-503,-60.632076263427734,1.4683153629302979,3.0
N289Barcode_706-516,-15.143210411071777,-1.4932610988616943,-1.0
N289Barcode_729-503,46.95145034790039,37.13287353515625,8.0
N289Barcode_703-517,7.615936756134033,-48.45777130126953,0.0
N289Barcode_704-517,32.92537307739258,-38.16572570800781,16.0
N289Barcode_726-513,15.668325424194336,13.526483535766602,7.0
N289Barcode_707-506,-19.273395538330078,-20.934585571289062,11.0
N289Barcode_701-505,27.545804977416992,-45.19325637817383,15.0
N289Barcode_710-502,-51.5798454284668,-19.190853118896484,2.0
N289Barcode_706-505,35.4656867980957,31.201366424560547,8.0
N289Barcode_712-503,-12.065455436706543,-62.12503433227539,1.0
N289Barcode_719-502,47.67253494262695,0.2879038155078888,6.0
N289Barcode_707-515,-29.962596893310547,50.07982635498047,9.0
N289Barcode_715-503,14.786362648010254,10.273648262023926,7.0
N289Barcode_704-503,-10.64803695678711,-58.95016098022461,1.0
N289Barcode_703-503,-53.701499938964844,-20.871896743774414,2.0
N289Barcode_719-505,16.703197479248047,10.684622764587402,7.0
N289Barcode_722-516,-51.44385528564453,-22.658111572265625,2.0
N289Barcode_711-515,-15.901043891906738,-62.266448974609375,1.0
N289Barcode_706-502,36.49235534667969,38.200645446777344,8.0
N289Barcode_724-506,37.34518814086914,-46.14794158935547,16.0
N289Barcode_705-513,32.12690353393555,1.6723355054855347,23.0
N289Barcode_718-515,31.92833709716797,-41.103084564208984,16.0
N289Barcode_702-513,-26.48900604248047,1.3722110986709595,13.0
N289Barcode_710-505,-27.40273094177246,-23.565452575683594,10.0
N289Barcode_715-517,-29.366539001464844,-0.6705227494239807,13.0
N289Barcode_716-506,36.02227020263672,27.563945770263672,8.0
N289Barcode_711-506,-35.561492919921875,49.68131637573242,9.0
N289Barcode_722-505,-26.970056533813477,-24.185325622558594,10.0
N289Barcode_719-516,-20.95378303527832,21.424373626708984,14.0
N289Barcode_712-517,34.06954574584961,-22.968454360961914,17.0
N289Barcode_724-515,31.183103561401367,-41.29335021972656,16.0
N289Barcode_710-516,31.36551284790039,2.091787576675415,23.0
N289Barcode_723-515,41.29220962524414,24.787878036499023,8.0
N289Barcode_718-506,-66.8185806274414,1.4449307918548584,3.0
IL7116-724-502,33.920196533203125,30.025543212890625,8.0
IL7116-721-502,-17.171913146972656,18.232112884521484,14.0
